participant_id	source_index	n_contacts	n_non_ez_contacts	n_ez_contacts	non_ez_analysis	ez_analysis
sub-01	1	89	45	4	yes	no
sub-02	2	121	79	31	no	yes
sub-03	3	106	93	6	yes	no
sub-04	4	88	50	37	yes	yes
sub-05	5	131	105	20	yes	yes
sub-06	6	97	41	22	no	yes
sub-07	7	133	115	0	yes	no
sub-08	8	117	84	26	yes	yes
sub-09	9	96	66	28	yes	yes
sub-10	10	121	77	32	no	yes
sub-11	11	108	96	0	yes	no
sub-12	12	122	102	8	yes	no
sub-13	13	121	65	42	no	yes
sub-14	14	104	67	21	yes	yes
sub-15	15	123	87	16	yes	yes
sub-16	16	121	70	31	no	yes
sub-17	17	104	72	25	yes	yes
sub-18	18	148	69	49	no	yes
sub-19	19	118	80	23	yes	yes
sub-20	20	123	51	54	no	yes
sub-21	21	127	83	26	no	yes
sub-22	22	131	86	27	yes	yes
sub-23	23	110	91	7	yes	no
sub-24	24	133	86	36	no	yes
sub-25	25	97	17	47	no	yes
sub-26	26	109	93	13	yes	no
sub-27	27	89	70	19	yes	no
sub-28	28	70	62	4	yes	no
sub-29	29	120	101	12	yes	no
sub-30	30	103	80	22	yes	no
sub-31	31	132	114	18	yes	no
sub-32	32	111	27	79	no	yes
sub-33	33	109	81	11	yes	no
sub-34	34	139	80	49	no	yes
sub-35	35	109	101	8	yes	no
sub-36	36	104	1	51	no	yes
sub-37	37	113	52	52	no	yes
sub-38	38	116	88	11	yes	no
sub-39	39	94	23	44	no	yes
sub-40	40	102	47	18	no	yes
sub-41	41	103	78	19	yes	yes
sub-42	42	91	61	29	yes	yes
sub-43	43	93	59	25	yes	yes
sub-44	44	94	80	14	yes	no
sub-45	45	105	84	8	yes	no
sub-46	46	142	56	64	no	yes
sub-47	47	119	0	0	no	no
sub-48	48	141	67	63	no	yes
sub-49	49	138	56	59	no	yes
sub-50	50	136	124	0	yes	no
sub-51	51	120	55	54	no	yes
sub-52	52	128	52	62	no	yes
sub-53	53	110	105	0	yes	no
sub-54	54	130	88	31	yes	yes
sub-55	55	98	49	37	no	yes
sub-56	56	116	83	20	yes	yes
sub-57	57	133	83	48	no	yes
sub-58	58	112	87	15	yes	yes
sub-59	59	135	51	0	no	no
sub-60	60	92	45	36	no	yes
sub-61	61	110	97	0	no	no
sub-62	62	82	63	18	yes	no
sub-63	63	116	90	16	yes	yes
sub-64	64	105	85	11	yes	no
sub-65	65	112	61	47	no	yes
sub-66	66	105	60	31	yes	yes
sub-67	67	118	98	4	yes	no
sub-68	68	106	82	9	yes	no
