contact_index	parcel_code	parcel_name	non_ez_contact	ez_contact
1	184	17Networks_RH_DefaultA_PFCm_1	1	0
2	184	17Networks_RH_DefaultA_PFCm_1	1	0
3	184	17Networks_RH_DefaultA_PFCm_1	1	0
4	184	17Networks_RH_DefaultA_PFCm_1	1	0
5	173	17Networks_RH_ContA_PFCl_1	0	1
6	173	17Networks_RH_ContA_PFCl_1	0	1
7	173	17Networks_RH_ContA_PFCl_1	0	1
8	185	17Networks_RH_DefaultB_PFCd_1	1	0
9	185	17Networks_RH_DefaultB_PFCd_1	1	0
10	185	17Networks_RH_DefaultB_PFCd_1	1	0
11	185	17Networks_RH_DefaultB_PFCd_1	1	0
12	185	17Networks_RH_DefaultB_PFCd_1	1	0
13	185	17Networks_RH_DefaultB_PFCd_1	1	0
14	169	17Networks_RH_SalVentAttnB_PFCmp_1	1	0
15	169	17Networks_RH_SalVentAttnB_PFCmp_1	1	0
16	169	17Networks_RH_SalVentAttnB_PFCmp_1	1	0
17	185	17Networks_RH_DefaultB_PFCd_1	1	0
18	185	17Networks_RH_DefaultB_PFCd_1	1	0
19	185	17Networks_RH_DefaultB_PFCd_1	1	0
20	185	17Networks_RH_DefaultB_PFCd_1	1	0
21	166	17Networks_RH_SalVentAttnA_FrMed_1	1	0
22	166	17Networks_RH_SalVentAttnA_FrMed_1	1	0
23	166	17Networks_RH_SalVentAttnA_FrMed_1	1	0
24	162	17Networks_RH_DorsAttnB_FEF_1	0	1
25	177	17Networks_RH_ContB_PFCld_1	0	1
26	177	17Networks_RH_ContB_PFCld_1	0	1
27	177	17Networks_RH_ContB_PFCld_1	0	1
28	174	17Networks_RH_ContA_PFCl_2	0	1
29	174	17Networks_RH_ContA_PFCl_2	0	1
30	174	17Networks_RH_ContA_PFCl_2	1	0
31	164	17Networks_RH_SalVentAttnA_Ins_1	0	1
32	164	17Networks_RH_SalVentAttnA_Ins_1	0	1
33	187	17Networks_RH_DefaultB_PFCv_2	0	1
34	187	17Networks_RH_DefaultB_PFCv_2	0	1
35	187	17Networks_RH_DefaultB_PFCv_2	0	1
36	-1	n/a	0	1
37	166	17Networks_RH_SalVentAttnA_FrMed_1	0	1
38	166	17Networks_RH_SalVentAttnA_FrMed_1	0	1
39	166	17Networks_RH_SalVentAttnA_FrMed_1	0	1
40	166	17Networks_RH_SalVentAttnA_FrMed_1	1	0
41	162	17Networks_RH_DorsAttnB_FEF_1	1	0
42	51	Right-Putamen	0	0
43	164	17Networks_RH_SalVentAttnA_Ins_1	1	0
44	164	17Networks_RH_SalVentAttnA_Ins_1	1	0
45	164	17Networks_RH_SalVentAttnA_Ins_1	1	0
46	155	17Networks_RH_SomMotB_S2_2	1	0
47	155	17Networks_RH_SomMotB_S2_2	1	0
48	155	17Networks_RH_SomMotB_S2_2	1	0
49	155	17Networks_RH_SomMotB_S2_2	1	0
50	156	17Networks_RH_SomMotB_Cent_1	1	0
51	152	17Networks_RH_SomMotA_4	1	0
52	152	17Networks_RH_SomMotA_4	0	1
53	152	17Networks_RH_SomMotA_4	1	0
54	152	17Networks_RH_SomMotA_4	1	0
55	162	17Networks_RH_DorsAttnB_FEF_1	0	1
56	162	17Networks_RH_DorsAttnB_FEF_1	0	1
57	162	17Networks_RH_DorsAttnB_FEF_1	0	1
58	162	17Networks_RH_DorsAttnB_FEF_1	0	1
59	162	17Networks_RH_DorsAttnB_FEF_1	0	1
60	149	17Networks_RH_SomMotA_1	0	1
61	150	17Networks_RH_SomMotA_2	0	1
62	150	17Networks_RH_SomMotA_2	0	1
63	150	17Networks_RH_SomMotA_2	0	1
64	169	17Networks_RH_SalVentAttnB_PFCmp_1	1	0
65	169	17Networks_RH_SalVentAttnB_PFCmp_1	1	0
66	169	17Networks_RH_SalVentAttnB_PFCmp_1	1	0
67	182	17Networks_RH_DefaultA_PFCd_1	1	0
68	182	17Networks_RH_DefaultA_PFCd_1	1	0
69	182	17Networks_RH_DefaultA_PFCd_1	1	0
70	182	17Networks_RH_DefaultA_PFCd_1	1	0
71	177	17Networks_RH_ContB_PFCld_1	1	0
72	177	17Networks_RH_ContB_PFCld_1	1	0
73	177	17Networks_RH_ContB_PFCld_1	1	0
74	162	17Networks_RH_DorsAttnB_FEF_1	1	0
75	169	17Networks_RH_SalVentAttnB_PFCmp_1	1	0
76	169	17Networks_RH_SalVentAttnB_PFCmp_1	1	0
77	169	17Networks_RH_SalVentAttnB_PFCmp_1	1	0
78	169	17Networks_RH_SalVentAttnB_PFCmp_1	1	0
79	168	17Networks_RH_SalVentAttnB_PFCl_1	1	0
80	168	17Networks_RH_SalVentAttnB_PFCl_1	1	0
81	168	17Networks_RH_SalVentAttnB_PFCl_1	1	0
82	168	17Networks_RH_SalVentAttnB_PFCl_1	1	0
83	185	17Networks_RH_DefaultB_PFCd_1	1	0
84	184	17Networks_RH_DefaultA_PFCm_1	1	0
85	184	17Networks_RH_DefaultA_PFCm_1	1	0
86	168	17Networks_RH_SalVentAttnB_PFCl_1	1	0
87	168	17Networks_RH_SalVentAttnB_PFCl_1	1	0
88	178	17Networks_RH_ContB_PFClv_1	1	0
89	178	17Networks_RH_ContB_PFClv_1	1	0
90	178	17Networks_RH_ContB_PFClv_1	1	0
91	178	17Networks_RH_ContB_PFClv_1	0	1
