contact_index	dfa_2Hz	dfa_3Hz	dfa_4Hz	dfa_5Hz	dfa_7Hz	dfa_9Hz	dfa_10Hz	dfa_11Hz	dfa_12Hz	dfa_15Hz	dfa_20Hz	dfa_26Hz	dfa_32Hz	dfa_38Hz	dfa_45Hz	dfa_55Hz	dfa_65Hz	dfa_77Hz	dfa_90Hz	dfa_115Hz	dfa_135Hz	dfa_165Hz	dfa_185Hz	dfa_225Hz
1	0.6236592759494423	0.6135624568390375	0.5936771337161105	0.5724059434700625	0.6317754658143097	0.6181484026881312	0.6273925107682345	0.6429424817992871	0.6486294567870506	0.5638384266739322	0.6177900525018692	0.7084610103186888	0.7601785637252764	0.7805978404788909	0.7960194164126817	0.7959707521600257	0.763077433914356	0.7240553957806645	0.7172049400136296	0.7613812956887732	0.7957997009360027	0.9270117541861904	1.0064430349600548	1.176325299180904
2	0.6091752186706412	0.6452075042384295	0.5974273070231952	0.5919723896659023	0.5991968906298206	0.5865064739319197	0.6047271720990949	0.626170868286428	0.6246729331194615	0.5307196097656358	0.5898244872301985	0.6900458939351998	0.7394486928668429	0.7418899241422504	0.7542212469967108	0.7465900886436595	0.7187966670198177	0.6964684737677908	0.716323405227973	0.6945858593954445	0.6825695741019724	0.7703416006106711	0.7974886094140983	0.9556547500330232
3	0.5990196352912743	0.6297140956902458	0.6620211912945654	0.5817504392547754	0.5819332894845055	0.5608809422114055	0.5794767518645689	0.6238254938997487	0.6398868100342653	0.5571455416632547	0.5660855779019166	0.6517248081632059	0.7115109216388141	0.7390805435099809	0.742175061603925	0.7069504893418587	0.6851313601189212	0.6617950512572695	0.684132616791653	0.7104799609782222	0.7523861516771835	0.8972188019781852	0.9782128363327769	1.1312996402985587
4	0.5765785091163457	0.5824429749104385	0.6040776676083986	0.5436618213219315	0.5658060363319626	0.5536770060772187	0.552120001689054	0.5614048382868183	0.572088492301762	0.5544656800159595	0.5558555775653662	0.6912737435933966	0.7517265127848207	0.7706330995434642	0.7919867185094395	0.7262979700066867	0.6779758318722889	0.6663666746948239	0.6768163899830265	0.6548944224002053	0.6433543282941949	0.7116962741401935	0.7139550387863147	0.772088706406263
5	0.5668389172539497	0.6295658290825172	0.6240603321482975	0.6457620350671213	0.6522837220976824	0.6808850726339183	0.6963106597996408	0.7111426365117829	0.7176916599432092	0.6901806420769551	0.6617348778413977	0.675911720560383	0.6527084366060244	0.5807738200740553	0.6272942264592954	0.6708007473974165	0.6381037905191016	0.6661951624729691	0.7066503309513819	0.8451605726799537	0.9593501307528288	1.08296680758037	1.0953271793077268	1.1820594141698233
6	0.5908270255608875	0.6654354289642715	0.6997958689569059	0.5854179869557898	0.5675804295251906	0.5641949063091826	0.600220570080735	0.6351261416294867	0.6304455063556587	0.5284381882264884	0.5491343242568342	0.6968150048285892	0.7525638583427866	0.7752730425416768	0.7775174485072449	0.7229016550314199	0.675158788745133	0.6749039648921585	0.6521257086449345	0.6851530333118644	0.7644808793017909	0.8881306509047715	0.9247907953651122	1.0659241486511475
7	0.7883515034351801	0.8105427190843765	0.7679447709767481	0.7093120170087092	0.5991131018886116	0.7904231933433533	0.8388636964631064	0.843204310808742	0.8306091426725922	0.7097822423739751	0.6021309930410813	0.5483885155189553	0.5385414829995842	0.5335962937258029	0.5794414367472682	0.5737747987798484	0.5375369668257663	0.5668693526632104	0.5931766001349732	0.6185100033432887	0.6032206063078844	0.5860701450212715	0.565446467569468	0.571457238134468
8	0.8072238314901758	0.7957080031396838	0.7338748703214447	0.6905875597384696	0.5599098110943196	0.7882938332787649	0.8329493667572917	0.8398898513119989	0.8256334989762819	0.7143428809121554	0.6620480996917505	0.5848086769156137	0.5535948686163139	0.4761719439652741	0.5400366163635267	0.5375935656390801	0.5323879445821874	0.5842706543246926	0.6313820953204595	0.5820665979242631	0.5965670503736181	0.6011477817345727	0.563121556257434	0.5981269582372654
9	0.7387776950049367	0.7917779103182543	0.7246185538946723	0.6703411884523602	0.6076533218314848	0.7612670624282697	0.7971411244899734	0.814114749066132	0.8047518111724393	0.6558455169879815	0.5839976001189623	0.513869785058105	0.4846384139261658	0.5139589358186202	0.547448710917993	0.5413714381594549	0.5315549403064588	0.5465756013917459	0.5834930191697318	0.6231050560255382	0.603621942785993	0.6255972750519802	0.6273937045635248	0.5786256497644982
10	0.6451641187318936	0.6354372716647597	0.6194095473048468	0.5928397675229798	0.6367435638626137	0.8076575448045114	0.8484167305739727	0.8751686731856524	0.8748330824007163	0.7057637633796793	0.6925090046780752	0.6703148090673192	0.6004106066156117	0.5367719160119121	0.59999268793511	0.5890499518141699	0.5223403592636161	0.5945056453726346	0.6321493258548644	0.6738302817301344	0.7548064840917986	0.8905259180871744	0.9068623650987284	1.0218925652451745
11	0.6400215746908392	0.7275278214498013	0.7594807691018218	0.6752223195737865	0.6090051346316436	0.75831212603525	0.8161600290594405	0.8189180267807503	0.7552450306058812	0.6521696379959687	0.646679248016361	0.6655441601822552	0.6530782973247256	0.6119990998244091	0.550863519632139	0.5394982990636388	0.5368517325386439	0.5924088502790374	0.5787058373813142	0.5741236881155615	0.5928921954858708	0.6272695063668361	0.6817861178368242	0.7694040845345016
12	0.6647544648208593	0.7574036762568218	0.8211419401353179	0.7478141700327611	0.6293360125952049	0.6348494549175717	0.6579289218443902	0.6875389676554164	0.6729993014165636	0.6117449219141313	0.6463098994769537	0.6091923245202394	0.6084596179408926	0.5969651432666767	0.5846337818809326	0.5594206081203229	0.5556594816859365	0.5920499482976206	0.6439565176546266	0.5863576985213091	0.5399578230190426	0.5868863052222503	0.5677200955532232	0.5912956707053504
13	0.6668401091903742	0.7363647811288554	0.7759529272197284	0.719729195548233	0.5923676415701631	0.6489123732447186	0.6910692947932856	0.7055966140349131	0.6899568422407841	0.6446641361993908	0.6473788696980084	0.624008581706468	0.5967436361356883	0.5654919041508882	0.5481232863224301	0.5477432332266552	0.553920520070154	0.5605971952947785	0.5926334713287011	0.5624381569285352	0.6028018424154127	0.6616155311045927	0.6668267834777054	0.7379327258298327
14	0.6467996963921855	0.7108405627224802	0.6948145085475351	0.679765068828462	0.5898255177502926	0.7376109827251084	0.7844318651928583	0.7932805342640165	0.7701395147774817	0.6864399434675106	0.6996120651641161	0.6629950192544086	0.6168743311006765	0.5645340038569875	0.5382160739935862	0.5592107693290376	0.5646417439187615	0.558117922689523	0.6080950531572122	0.6338984292519128	0.5954860423655736	0.6222965504414357	0.6386834344572054	0.6690396311692274
15	0.6071685505204538	0.6772822787848635	0.6907412225777039	0.6842258172957641	0.5861973094823468	0.7958630191175071	0.854125803787861	0.8726153622542885	0.8425997989686693	0.6859399823859436	0.686667393343647	0.6669734090508473	0.6085814681995161	0.5544276765372043	0.5421108368901795	0.6071650436924408	0.5610321296680123	0.5502598422259223	0.6243461498770042	0.6077266306954581	0.612850859611863	0.6418645360531068	0.5714361977847862	0.65742262274475
16	0.6251387683632169	0.6748771503903074	0.7028695581961358	0.6593126932111004	0.5802471044374844	0.8049420312223197	0.8746306207894927	0.8993237672034899	0.874556010390599	0.6712538231492545	0.6619083656748961	0.6403976302288212	0.6199832373992499	0.5831296626538844	0.5841419717086532	0.6024575656566648	0.5427334442612276	0.5516485055348116	0.6012484503436863	0.6264651223815076	0.6570376311115488	0.7352240687899436	0.7458142133399766	0.8500009862049407
17	0.6030350400426174	0.5395729046478418	0.5487558970400781	0.5331939384443252	0.5506179043616982	0.5711627051034537	0.5783204170451569	0.5756009149393874	0.5578974918904128	0.518687722261771	0.5762375443838321	0.706399294162269	0.7695052160969046	0.7786612899067172	0.7394916962425077	0.7035001293062466	0.7015949875796847	0.6856452968301104	0.6515877035857128	0.6596057610351292	0.658183733275974	0.7538197835835766	0.8033673991489544	0.8850418610112728
18	0.6018129577836068	0.6009277273883054	0.5547772175146908	0.5399594326650536	0.5588172264407734	0.5878453857230393	0.5883915801155755	0.5733413062999475	0.5434843098126848	0.5002827940988441	0.5707352133603767	0.6807638320165929	0.7382460521161917	0.7339311222321796	0.7158231499643539	0.7186219346838855	0.7054324156536546	0.706574788199725	0.6966927465929543	0.7979164018376119	0.9548284072271812	1.1356021854159568	1.1779343172730292	1.283703365874976
19	0.5929371962845543	0.6028657072751401	0.5906323761362763	0.5714370016123148	0.5925703117394028	0.6037653588236487	0.5878415231757429	0.5563456093937155	0.500914480777751	0.5178158309667302	0.5419302393619383	0.6221538952050913	0.6770065342487874	0.7062774946425597	0.7128776300161805	0.6770516614785304	0.6390260754117306	0.6317884936044026	0.6525406810246324	0.5838166574151342	0.6187611726573586	0.6824522132121114	0.6208274236496214	0.687392858645319
20	0.5463816986982439	0.568423148153741	0.6360585875427411	0.590906949657929	0.6172477203043245	0.7570526449300566	0.7767863656119124	0.7756833294667481	0.7368463989482473	0.5947231407944557	0.5237755448949072	0.6135552533267148	0.6808778585309471	0.6602528161657324	0.6535250578043383	0.617183751858091	0.6273949062895382	0.6412641046105391	0.6478602152071653	0.7067414353476085	0.752548759129511	0.8932764518107568	0.8854172389559507	0.8639797745044727
21	0.9771908266143492	0.8932144508682252	0.6443899518087169	0.5966448527557454	0.5666102701393855	0.658756668667452	0.7124974907644152	0.7507781701139361	0.7540253311890586	0.6235609686394449	0.6186829566128634	0.6688264875017907	0.7248569855713978	0.8227914393795346	0.8825746229057799	0.9532650842627644	1.0114859581594822	1.090646926489028	1.0189559044527567	0.9818937228197636	1.0058518284100213	0.9683683961924513	0.924977220147251	0.8913391054434519
22	0.6330442425479699	0.5890354974950025	0.6207091059715284	0.6915432971136581	0.7125490593257561	0.6790457071123008	0.6649364489326381	0.6733972762607122	0.674942510375308	0.57582829738884	0.5386991209660452	0.5444371204745732	0.5046227421908431	0.5672957042087744	0.6138827342424912	0.6075241482617014	0.6126946875552861	0.6428528163787853	0.63887263393812	0.6966212902794429	0.6734205629627823	0.767530037001013	0.8148527081485879	0.9240943165586324
23	0.6045738274705357	0.5784429366672262	0.6024335964240359	0.6588104900267959	0.7066294613175095	0.6430219656645701	0.6293109557021891	0.6361202444138276	0.6379561965724194	0.5878334845336602	0.5780277046024618	0.5556151969149041	0.5214350084547674	0.5258414356750661	0.572234202730976	0.5860250863747556	0.6047571511260406	0.6289421407163788	0.6532220293937122	0.673030568114915	0.6985112048202369	0.8088153686731473	0.8718483055136423	0.9811854973566583
24	0.5806516595163358	0.6024973410024234	0.6281171997521872	0.6588732880675131	0.6870302474300641	0.6324415954865674	0.6321992418147998	0.6489421717398197	0.6631980467500472	0.6333220345078704	0.5721400886190954	0.5058758541759102	0.5018756121551469	0.5164258553371197	0.5869557503848095	0.6424993303123682	0.6678281955789602	0.618545530728074	0.5993414846859734	0.5787221095621691	0.6533814129060354	0.6584289622402104	0.6903450408969469	0.7208566762186925
25	0.6278110281492381	0.6197412342630024	0.6359217583833554	0.6755071872811909	0.6371757306277992	0.6102129694397007	0.63737664529297	0.6703172327771003	0.6823003870930092	0.656106748830721	0.6434979704581945	0.6072136028767219	0.6297365410315515	0.5919954970388347	0.619535557467686	0.6491102284831045	0.6262580222594687	0.5865681643060919	0.5507035317230563	0.6149677075032121	0.6375816142717203	0.6699012602713741	0.7050773272091841	0.7111801621843136
26	0.6921455231223418	0.6684430491060411	0.6674592136716091	0.692034151717693	0.6099069588884248	0.5927407230189251	0.628897519416943	0.663440082192993	0.6830178810927154	0.6546053339726015	0.6319101208560065	0.5954008699409147	0.5955688307850128	0.5861674640496213	0.6346014633083417	0.6349244397425894	0.564010935427935	0.5384961993783743	0.5919425926103797	0.637726549049079	0.6275278288773047	0.6239623320917536	0.6568909460583285	0.5962474699164109
27	0.6943738997909988	0.6692788842160661	0.6655787475846665	0.6970494335979324	0.6115356771073767	0.5935831781277991	0.6291960710361292	0.6644987582934816	0.6834077078158979	0.6548487108772646	0.6352388128931482	0.5975256913721639	0.5968682127397146	0.5912354467896817	0.6377647759292429	0.6402909787525026	0.5676178506021156	0.5399827940528551	0.5958984058832106	0.638229839626263	0.6257728599140733	0.6042777606882535	0.6411977158940683	0.582116042150848
28	0.5761687473163783	0.5788563625642021	0.6032611366361901	0.5446344196765678	0.5663391498941224	0.5799035656329975	0.6105372238868451	0.6500493678870031	0.6478571946122359	0.5407221336957582	0.5264626707915105	0.6795277813372986	0.750334169343536	0.7536838419227992	0.7241191583687494	0.7082915984696587	0.6917135293908414	0.6387331661540077	0.5811765059891549	0.6838626052425535	0.7806453628784646	0.8980414466157856	0.9576764351140756	1.0345063102746144
29	0.6611871390771054	0.635031334843493	0.6171580581845575	0.6078743330486387	0.6504109466081569	0.5646988544891108	0.5514257794283083	0.581733009562236	0.5966049002256971	0.5337575812186723	0.5453944385276339	0.6973086521665965	0.6502208772137754	0.5987216569170886	0.6436258260945008	0.6574115071719581	0.6522881447321064	0.6769100301403733	0.7238631020860495	0.8993492626976213	1.0117739551835148	1.1209903848467881	1.1443982784008822	1.1758159971742428
30	0.6921913846013203	0.6289068518307064	0.587581047115537	0.5806447711449333	0.6571990676849877	0.593049728099169	0.5714039916377531	0.5740910596153543	0.5910063830621909	0.5660674968785371	0.4931534803731702	0.5878386107279159	0.5912460535717	0.6393658628260772	0.6552010131896281	0.646071744322298	0.6385151507432767	0.6315295509634643	0.6208320391558004	0.6467150777819096	0.6956118815293605	0.7727452482479147	0.7981956021207351	0.8852112917789559
31	0.6099090992196251	0.5588250616393362	0.5355086084453597	0.5685563528855678	0.6567663049730179	0.6173276701995821	0.623362872050501	0.6295517851409271	0.6226362191838551	0.5717485105899492	0.48721243462882796	0.5745149917530994	0.5686967895788946	0.572299556137299	0.620552431990465	0.67128747890811	0.6475115790166969	0.5977940386066805	0.6015173461499922	0.6953388468160917	0.8101595460209037	0.9416540038474468	1.0078117631149053	1.151134627318353
32	0.6777428481507447	0.6246406114431143	0.6560049913087661	0.6647785851152019	0.6166123256241733	0.5785760458748241	0.5990803707131723	0.6293159492319708	0.6346317479977934	0.5841184442123528	0.5207766186009398	0.5379910002953876	0.5728618728395124	0.6090625599465844	0.6153914044612616	0.6326187345889791	0.6487385409926857	0.6436936098734986	0.6369574957841718	0.6376102098054716	0.778266359291134	0.9824169178172045	1.0691630254010107	1.192186847010661
33	0.6456397721118916	0.5915660991579893	0.6312269625504145	0.6188628118598752	0.57796194293404	0.5356725673440934	0.568676686395926	0.5806200420196203	0.5851003573344463	0.5934694301957832	0.49417761832207324	0.5685405379376621	0.6117661858538777	0.6387872356260792	0.6474871307653844	0.6211599287899305	0.6212555665525368	0.5889304428583472	0.5547878631586213	0.5902806577796099	0.6318104076426223	0.7384388224385655	0.7965425597772137	0.9013918553269142
34	0.6636857725443814	0.6486418693950028	0.5761614184036986	0.5536619006536283	0.5738264176280914	0.5716993582483771	0.572993926657266	0.5846818940014021	0.5869018542955703	0.5642966207351117	0.5087129535918162	0.5891596984070363	0.6336365951273814	0.6614855684955065	0.6889924156652001	0.6859870307911664	0.736134173230542	0.7719905002013817	0.7572265320727878	0.9072122347451967	0.9443429468937238	0.9413299535927253	0.9197263650558714	0.9257009255310826
35	0.6653288887634757	0.7104840759564552	0.7321163175810405	0.7261956446417723	0.6379925837652441	0.6430285918073275	0.6455044649552227	0.6279390671955616	0.6080488326784593	0.6303937436671218	0.6227621810260411	0.623721810830135	0.6092814030060985	0.6057334736777817	0.6004144536904517	0.6235009963903587	0.6372634558021596	0.6438651421596119	0.629457657256348	0.6094832149081376	0.5727475069158474	0.5695871912026956	0.6105897961017009	0.6308868660885746
36	0.6669243091549678	0.7122174619090196	0.7235473241092995	0.7237584833159584	0.6366388550786923	0.642767891771532	0.6441884556232745	0.6209704783345306	0.5980344270497939	0.6366772545400927	0.6361329742493753	0.643760687743027	0.6482173238058719	0.6354819701800725	0.6369285955574017	0.6572699747184176	0.6563420351886973	0.6814747960671256	0.6934955132864135	0.6374588576086797	0.6317031350307863	0.5941642573227474	0.6027124338126444	0.623608879631845
37	0.6883827304011283	0.7207075938283906	0.7086510067156312	0.6957050711140531	0.6028635245947412	0.6004095122877102	0.5941710602572644	0.5816419910173963	0.5881914495620113	0.605734364540395	0.613149696974239	0.6051299227587971	0.6141774908716752	0.5915145082484451	0.5998981022961937	0.6541546689580456	0.6694134655712073	0.6754064028433552	0.670140667770027	0.655881408362363	0.6626245340247832	0.6813860146900047	0.7155849672131708	0.7724897615366246
38	0.6279347468492366	0.6947488761673435	0.7416055511273566	0.7354349025112119	0.6329781334229212	0.6864793853044897	0.7197750233753379	0.7270026438012096	0.7015459522242643	0.6281658876858816	0.5840265837864441	0.5411635880534746	0.4669885081476188	0.5111510587807229	0.5486712160466598	0.6079685678547956	0.5942338554438968	0.5619780226337837	0.5603676762688357	0.5282028212662828	0.527866483651235	0.5726276121820759	0.5919449026604042	0.6034632854297327
39	0.5439436433085243	0.6093204950936948	0.6467325731174558	0.6087223303190217	0.6523887842299925	0.6102556349689262	0.5932488770520835	0.5861442949382651	0.5868138439747255	0.5950158041050654	0.5657187974116474	0.5762444903834363	0.5718182021863452	0.5515292878934793	0.5444212038298664	0.5772964216235182	0.5565560596875181	0.5842499048909386	0.5573165177352342	0.5077909083664415	0.6725724141819999	0.8129729542355117	0.8283937827706896	0.8764654089600062
40	0.5863198219171869	0.6000102279951023	0.6288171989581818	0.5985628173002154	0.614038413572738	0.5661588147945225	0.5542889110390079	0.5582510992069328	0.5639827528083534	0.5578922304664558	0.5962673542506735	0.5546716457709985	0.556833733625824	0.5645497060118474	0.5407422286657515	0.5247742514702101	0.5771822927141776	0.6296023337835887	0.6705008188220719	0.8688477068138155	1.0494161652358482	1.2562697059461734	1.2851222046685213	1.3324655996269201
41	0.6220787798956593	0.6323252563179058	0.6488217014397709	0.609702146612089	0.6317308669605233	0.616175498588997	0.6234137533750842	0.6289612747687718	0.6235591381235684	0.600541843913026	0.61396221928083	0.585065686475957	0.5376012431705683	0.5685544540406223	0.6439716987073177	0.6342124196370329	0.6119755358348339	0.5973772615025073	0.5783771025502117	0.6134415152685065	0.6200269646285551	0.6821900078504325	0.6922407546129699	0.7380099500962535
42	0.6144701429500126	0.5755144614929287	0.6239964524480077	0.5965678710759249	0.6443105565210994	0.6497529090886849	0.6452090791515406	0.6430929624673307	0.6352854898487861	0.5997531001593764	0.5649475900846967	0.5693808725126223	0.5131855693748872	0.5401790433092006	0.5667252827226907	0.6149124149219819	0.6204644069543189	0.6058655277283801	0.512935819969609	0.5117868691527857	0.4886277644605126	0.5727480961790781	0.6000658368393194	0.6428306379278318
43	0.6152878296473742	0.5873124846641561	0.5888996519117069	0.6060979093968692	0.6589650285198702	0.640955571447213	0.6256086568118354	0.6064886027642468	0.5835878241002378	0.5424044066867171	0.5269428495549974	0.5231175566647439	0.48975152700108854	0.48851367311463023	0.5034801188252481	0.485706219886008	0.4638789780604964	0.43199911749376346	0.44214881898900005	0.6288560549688522	0.8790363389568373	1.1052731192983103	1.1424391901457465	1.2010675618944568
44	0.7074873203759942	0.6526333950000902	0.6182014780944147	0.5849353723547911	0.6783033328932663	0.6615659512910957	0.6440307474443231	0.618904487478208	0.5911736470114797	0.5921847666666954	0.525666086753021	0.49119516409887737	0.46158826379945345	0.4776783527308452	0.5090030011270449	0.5789147633461957	0.6014423832881647	0.6708521804139116	0.7235204897280166	0.9260229673279488	1.081910421836352	1.2187987500156898	1.235510347261653	1.2816260976524232
45	0.7051038994519389	0.6616640004752316	0.6276665293132143	0.6140890650085226	0.6793940603711598	0.6698817527782132	0.6606764974000751	0.6400847506648983	0.6250727013177971	0.6292387272817669	0.5619115395281099	0.5585669633201684	0.5446049875208214	0.5462857687879071	0.5793155570903835	0.6980919315341485	0.7515607126741609	0.8650965870681855	0.8950463662947028	1.0675713572239915	1.1777852010734704	1.2848534838326902	1.2881788277049813	1.3259225970137114
46	0.6275134624053427	0.6301863790897426	0.6297766935311188	0.628590022657477	0.6760330219338998	0.6831215149105776	0.6700674207269083	0.6441839263785548	0.6593556535141343	0.639773450529688	0.5631943365810306	0.5466998982167274	0.5545183109164042	0.5798737476442042	0.6277341752675323	0.6643372586055254	0.6931037286895836	0.693124314641314	0.6917275492913559	0.7864353018677455	0.9185756832328538	1.0401532634333808	1.0801628839673905	1.1375276547241757
47	0.6037228374199706	0.6160754846112906	0.610896972717457	0.596749507028723	0.5799847643680607	0.5921519983617877	0.6113108048693779	0.6377314921509307	0.6598435299210784	0.6285331853045479	0.5523361791292597	0.5539985581004495	0.5924255483710369	0.5796079209082113	0.5866174649087393	0.6133813453974071	0.6492860873602594	0.6549927086477301	0.6586964707117483	0.7341136562316009	0.8004414558440348	0.8614420309802128	0.8776563003172969	0.881296185554809
48	0.6316646322528818	0.6603313053891174	0.6030804870615016	0.606151197605148	0.5915389867530016	0.5849463417608379	0.5899025573450346	0.6016874755573342	0.6011918071301419	0.5615673332786767	0.5101279774946313	0.5552290522357454	0.5697206722605237	0.5720790501226142	0.6281172028292362	0.5855866542168846	0.6181697014920584	0.6486144891072823	0.6195052170688824	0.6354369918370988	0.6608913238386265	0.7238022284512632	0.7442831895820788	0.7721650549153486
49	0.626848227970184	0.6683438431726278	0.6490198631169797	0.6358402782397593	0.6187214012147726	0.5614830387441594	0.5799221051287234	0.6261658414549253	0.6622823739460839	0.6411029355876233	0.5885845398132583	0.5866327965275777	0.561245283464323	0.5632145949518133	0.6202798534570283	0.6612493656556668	0.6868999117555972	0.6663677584363525	0.6488415334641698	0.64812870532926	0.6738848585253275	0.7201350378496921	0.713969448287436	0.7766785472883326
50	0.6165076193358255	0.6432731648397281	0.6569489102271173	0.654470034899774	0.6346768022274629	0.6438265014922369	0.6683340861231519	0.6974566799292801	0.698766839085957	0.6418017339688024	0.5946112563368429	0.5947150615251482	0.5798591521611322	0.5811894725222941	0.6224416631751544	0.6337375847814861	0.6661937813087289	0.7058819817476283	0.6896870293246002	0.6947233787995599	0.707656969617395	0.7562280060743893	0.7698573875406026	0.8743123645825926
51	0.6580644037322783	0.6105598010565604	0.6618547482829829	0.639137519131887	0.6346726039911045	0.6088041727186673	0.622620000244394	0.6419236514398969	0.6368876436232086	0.6168547071717428	0.5775601105869251	0.570601361464222	0.5639568801284109	0.5609769495198988	0.5986021754155773	0.6054695654089166	0.5969530719716796	0.5915350340251663	0.571780463225095	0.6747253549771539	0.7142223804813442	0.8101684464120316	0.8310965318991229	0.8910076268667854
52	0.5903860232502053	0.6540829542734916	0.6140676871714552	0.5964321626445009	0.7806168551743548	0.9120066947642873	0.9417267253594758	0.9508280747184521	0.9392827910083482	0.8555658753592302	0.8370328539968879	0.7959002609379282	0.7550607115087208	0.7120559489001913	0.6414300469462814	0.5490709639406229	0.5015248494937972	0.5096000667731262	0.5678881260207057	0.5302719996636435	0.5685128919445961	0.6681884739560918	0.6863030492515846	0.7373212500355607
53	0.6461475487311822	0.6330019649925556	0.6973566310254664	0.7000711058428717	0.5990674297476805	0.7145282413684592	0.7585768339168377	0.7860459456771868	0.7798010225979263	0.7814940152141018	0.8164643937021149	0.8098690932254173	0.789215107310188	0.6752344527037543	0.6068221621441289	0.5896315857830783	0.5780987824157071	0.5720220064162966	0.622672636589748	0.6767443375076557	0.7124610192560027	0.9143256736874898	0.9473804282974277	0.9819861306265282
54	0.6419074064685999	0.6426464723689075	0.6575463145837526	0.6599025761922134	0.5652053605426178	0.6730828261601342	0.7072692897990818	0.7331306970943369	0.7395626052416236	0.7257396150904554	0.741394673076706	0.727092372095348	0.7242640173935516	0.6528573293914838	0.608246701217117	0.6027205358035289	0.6103013639757198	0.6139054429077719	0.5958550149407459	0.5833014858539953	0.6324968130623756	0.5706195620331345	0.5975171534716591	0.6370286804083062
55	0.6193871833919249	0.6187716750063034	0.636506824300251	0.5778851023954725	0.5566451765121003	0.6428057240465358	0.6880960503161369	0.697477910873779	0.7045778970362878	0.7524999834047943	0.7250527425940014	0.7195841456179279	0.7255078938556007	0.684604788740567	0.6381800969078844	0.5638520717137763	0.5483602800501484	0.5587670517860317	0.6280315452701521	0.6599352458258654	0.7194160126450183	0.8077877832204011	0.8177826243833021	0.9190405986318627
56	0.6612511026170882	0.673700639868327	0.6383142559716728	0.6226862283136343	0.573376189547949	0.5750041941452928	0.6177829109674787	0.644271033034178	0.6688437780871571	0.7419646631510837	0.7007093927263379	0.6917004451868677	0.6898266325022445	0.656105797198628	0.6631633082154331	0.6593861237849091	0.6318987676316477	0.6438414354786439	0.594328099597775	0.6002258122375077	0.5826008794356634	0.5736691231027297	0.5826442216082156	0.6165860237297474
57	0.6542484302913628	0.6411365240778598	0.626627029354071	0.663293511710596	0.5994514416932334	0.5986308887095894	0.6421848924116434	0.6705765432629246	0.6904192691522953	0.7270965446634603	0.6738628294968064	0.6295134067554629	0.6044642563213618	0.5984591766093058	0.6199233948555136	0.6528876568116874	0.6177788374395505	0.5773139399783658	0.5911339391285411	0.610393301247481	0.6412649319535998	0.8157182671774473	0.8408901913423825	0.9438045038747129
58	0.67930561700314	0.7140837030641871	0.6999997493938644	0.6780700075926548	0.6630629124624013	0.6293162037888037	0.6637384309077389	0.6860691649448494	0.7095352897154995	0.753313094686442	0.7266904101696406	0.6934407301319616	0.643003530594349	0.5896747933909032	0.5783797623029318	0.6068886826915122	0.6143832715479115	0.5681216641599712	0.5803373409606015	0.6086276664186725	0.6501466450823488	0.6719617663829075	0.6575477879547154	0.7895420850504787
59	0.6249507859823853	0.6849511943303219	0.692152285977092	0.665417633864391	0.7277756404744059	0.7027895221030076	0.6807017853697279	0.6368794277644277	0.6241355260971223	0.6361156404293242	0.6325577530854687	0.6612133495620214	0.6614210428772597	0.5833705976295454	0.6381233081067975	0.6594916867304275	0.6404174306986731	0.6908038621780843	0.6912174500285104	0.7974919429701834	0.8650407859502734	0.9810434559337126	1.0028030746147216	1.111580091828706
60	0.6665454916528675	0.710380386922142	0.7177859537566709	0.7210020877915134	0.6995470651873782	0.6726519251137031	0.6657871616111863	0.6593772515520708	0.6532564140261183	0.6564639371491483	0.6105412559036321	0.5932901003992787	0.6052417394250966	0.6059381233590051	0.6069751537262693	0.6341385608788922	0.6192091038089955	0.6420259458721596	0.6366148788848887	0.7226197097876856	0.8096414820123986	0.9316573260573501	0.953531344844674	1.0725904971631084
61	0.6237078705186653	0.6596964331750598	0.682330335583557	0.6612166940320792	0.636558855045817	0.6002464749866633	0.5862034745732142	0.6064521139546118	0.6297883694746963	0.6199216136867184	0.615894371869694	0.6175415472252185	0.6091907638086296	0.5948590679200045	0.5813239767316878	0.5926933826795843	0.5783779680914727	0.5909427122656702	0.6142360041301947	0.65060837060392	0.6369895476680688	0.6488584984372546	0.6757778842690445	0.7184118064172998
62	0.6269462236706784	0.669472693150574	0.7098567130488381	0.6991466628739528	0.6323786924723731	0.6013755147978351	0.6035277697802202	0.6245584516385201	0.6367413665184013	0.6232000462187441	0.5975310914772544	0.5949125155904744	0.6089688060080282	0.6277355620223707	0.5539651350681318	0.523765499335372	0.5595251449780797	0.5653757365243688	0.594944613260751	0.6365387365657463	0.5824247362722071	0.5991980337328466	0.6211477762100382	0.6242435138150868
63	0.6644818012459932	0.6913220726911585	0.6984611605106599	0.7168594473400961	0.7193470095430937	0.6679238570141873	0.6401126865480286	0.6437149809534901	0.6529849502356818	0.6501749599901853	0.6055511740474352	0.5854472746487857	0.6126602925433771	0.6458160139269508	0.5712569942722713	0.5343721200189103	0.5520639980812384	0.5632044134379848	0.569488168057263	0.6102998308437407	0.6003782518677843	0.6448418916428523	0.6623935455149645	0.6715031740657447
64	0.7299626133155523	0.7335309878315747	0.6992745255817323	0.7205382654001592	0.7492998334047831	0.7204767977221123	0.6946922076088449	0.6828726183857357	0.6814240477123906	0.6815596296575431	0.6107578216019068	0.5842233700062823	0.6182853944704667	0.6714424856311623	0.601828376885985	0.5883883708950856	0.5963130330116637	0.6041940657536006	0.6049482575914404	0.7323409069609473	0.7307971788282892	0.7969797419000565	0.8045475801939638	0.8168277833014208
65	0.5897687782050218	0.5964367642789148	0.5922365365345957	0.6913472399173008	0.6506172649245087	0.5889779395598296	0.5643807317201304	0.5904479259328271	0.5996435092842677	0.6009341851809735	0.5629729978729207	0.6146325850457613	0.5955560365853627	0.6382113663359495	0.6925664979516515	0.726553135661546	0.7528601606943586	0.7207564344014197	0.6959282787618746	0.6940158193528052	0.7142024457222442	0.6845977175020123	0.6788500447239286	0.7135034676055538
66	0.5930475461695236	0.547732886236646	0.6128723179900745	0.6658750392412169	0.6733019373040958	0.5797842812363571	0.5948742425690372	0.6132605791102224	0.6319916006513281	0.6046980748154742	0.5777500266041957	0.5670521467784724	0.567338628082691	0.6236666729618766	0.687656338304486	0.7338977274565568	0.7425576262360425	0.7357441881418233	0.7259090914410169	0.7021154422235614	0.6943921843949395	0.6634425158946925	0.6713632506952207	0.6610158955219796
67	0.5577236033045838	0.6012570510183918	0.6506687566159848	0.7133435870211748	0.6518431719626907	0.6065929479166189	0.5665451984390026	0.5868540367342113	0.5947358169763168	0.5819939804558754	0.5412234516292197	0.5997595419653655	0.6310461071146739	0.6818071651137678	0.6808785016664266	0.7302012990450213	0.7424943538522781	0.7271162982419254	0.7238508227551612	0.7149272579951589	0.7260239731766371	0.6898461975687314	0.6983255744001051	0.6772447032273421
68	0.6265395792157995	0.6300494291392347	0.65247286605745	0.7103157476566557	0.6723803203378474	0.6583877677124282	0.6588391129998933	0.6570618943250053	0.6528520574095107	0.6061861533356869	0.5002747338492735	0.613562708601396	0.67131543686891	0.7152554836428962	0.7273044842505509	0.7736461717017967	0.7711630217114394	0.7474821919135144	0.7654914559433404	0.7699439099577433	0.7853371356779848	0.7408869539483515	0.7101327754768963	0.702859939757046
69	0.608041483750082	0.6045583209959872	0.6439519207654799	0.7010378632502178	0.6668679482486856	0.6332200021099033	0.6469243225570683	0.6577878877921871	0.6506669522507416	0.5758878460722752	0.5209540685970693	0.5606809701299248	0.6399524450678065	0.6557844559918066	0.6822724154899437	0.6878030873145031	0.6918797487358962	0.6546595133849793	0.6877014791268409	0.7234039052022934	0.7133144752591485	0.6844790404151823	0.6680498022598343	0.6724566195908764
70	0.6352050739851939	0.6420636080346982	0.6771838125121611	0.707516252176187	0.6747970083735061	0.6493678624713284	0.6561171258854045	0.6567828625298353	0.6409568498775507	0.6007167247220743	0.5847617222041207	0.6411722463617241	0.6914207631451151	0.6673172508325962	0.6779117585751285	0.681675263898208	0.6676244050517639	0.6233451125023227	0.6080499234611813	0.6271916245753743	0.6139153938624174	0.5626637500196546	0.5885780390777873	0.6352493779354104
71	0.6479480692141965	0.6408284796747568	0.6331247739883697	0.7037217090094783	0.6860775595845688	0.6440704143535626	0.653584087851399	0.6610270374861498	0.6451884878140107	0.6004143557955338	0.5928023164559256	0.6404583182799904	0.6764330666979744	0.6432670053963784	0.6642075013517663	0.6900764693533507	0.6776583940205977	0.6504564537781264	0.6366400555750469	0.6256667049741067	0.6306648841575201	0.66239210053932	0.6859764481684362	0.6994184520384253
72	0.6334059107282431	0.6965639094795154	0.7176929630614756	0.6998920521106748	0.5433044926592883	0.6533527335301357	0.7051723067677177	0.706328112835161	0.6867512300801271	0.6732733336909458	0.6563656194822296	0.5851997328834833	0.5327404633149316	0.5046744660552608	0.535097147443397	0.5883036976188218	0.6017600589764086	0.5935714165632582	0.5864879139220097	0.6399740187063456	0.6356442437338796	0.6518572593183831	0.6710299357227526	0.7617290773436356
73	0.7113085672548759	0.7758843149427991	0.7982116646440752	0.738204166751401	0.5552542497792444	0.7059548262422604	0.752867040029097	0.7573742454736445	0.7382509443647396	0.6749740712248726	0.6479971137321596	0.5642472561172412	0.5066244583131101	0.5650908101370167	0.585969139197579	0.5975459292871498	0.5441668826530174	0.5367171751795499	0.6045019200228212	0.6145539676994437	0.6786140052928584	0.7088294700600114	0.7533009306092142	0.8708955428706496
74	0.7107678446624542	0.7336058422685705	0.7018131024102912	0.6854063780707992	0.57321151340458	0.72786916922621	0.7672328397438481	0.7603017324044077	0.7336998729983354	0.6659903257475722	0.6530862069310337	0.6562815811928875	0.6054964891691307	0.555339065681075	0.5442775243469609	0.5615727983039933	0.5718718963781072	0.567332214873207	0.5834137285709022	0.5820124251505993	0.5914019592916425	0.5418024417341173	0.5813876201178799	0.6557212280667924
75	0.5929411372190124	0.595261679527307	0.6147961140434595	0.6170408197147589	0.7890254105558879	0.9138904952885853	0.9152105179248837	0.8967939447583702	0.8435684793685344	0.7055893506945616	0.6926088860265007	0.6837255338905057	0.6377017242362305	0.5813614458010272	0.5826889631384219	0.617836063752814	0.593437758672974	0.5791455654728959	0.6102337728843782	0.5659991889317886	0.5940007168683089	0.6376833566184404	0.6948161807198036	0.7119659732221719
76	0.5959409910150313	0.6141210433946118	0.5943529643207591	0.5874272766051701	0.7541835851568	0.9025781252244022	0.9167876240817234	0.9151171108214959	0.89879835829394	0.8067582240127029	0.7072237674405061	0.6473814283962358	0.6045462261304317	0.5678091558476507	0.559695406896885	0.5923010152809091	0.5873262632948875	0.5639806861102752	0.5524435998638577	0.7017287757302991	0.8199770495441963	1.0213853950179599	1.0723981409772456	1.2082038380992686
77	0.6652954328216054	0.6390645198342078	0.65172962407404	0.5912238963832505	0.5566497586464	0.7795286361001638	0.8368032508268967	0.8670815422224153	0.8812681179541658	0.8185174208682799	0.7398386599018417	0.7408987309476626	0.6971817433580639	0.6507654100727648	0.5899513144207361	0.5998243209829911	0.6098196080855987	0.6400737307074521	0.7273304387893628	0.7802248883402735	0.7841757328661807	0.8512939053041726	0.8379363664911611	0.8611341736542872
78	0.6378532278881721	0.5825906409277845	0.53351176975242	0.5182444756010328	0.543289824790012	0.6931084514858704	0.7587389668575744	0.8089710712368792	0.8330298567925972	0.8327880621881842	0.8316156756033259	0.8289969702983497	0.7868191759674265	0.693430362004277	0.6351233415605071	0.5637776870903346	0.5503999330690208	0.5817634589697122	0.5562307458814066	0.5427645276087862	0.6025768633187405	0.6808125193249116	0.7141152377652318	0.8938800493048829
79	0.6281731862329513	0.5930076853510919	0.5589500796633723	0.5752375183034456	0.6012016962063059	0.7095491780681876	0.7610284321900361	0.7998769714549397	0.82804484776939	0.8419149978802895	0.8245903240904919	0.8283558361372563	0.7877949178677164	0.718573322945819	0.6174346460256426	0.5015190835143286	0.4807860501807387	0.5090894500810338	0.5291911485786196	0.5430061009038453	0.5378219505518372	0.5944865910554502	0.5784074071547016	0.58734982228334
80	0.6500183863233688	0.6835245720609257	0.6363246242951391	0.5897854711294847	0.6466654833677019	0.8620496438707814	0.8973137933965512	0.9119362489263925	0.9054250044939908	0.8270870891686467	0.7919371947767455	0.780741340009213	0.7461918548689581	0.6613201780848349	0.6004646138430335	0.5564702314193928	0.5429553724068459	0.5750578374954158	0.5754066995673022	0.5699759622284138	0.5582248271575974	0.6007485323516543	0.5832294049311015	0.6239210387972078
81	0.5591827825849578	0.5555448709359918	0.5876091311630862	0.6418298819078764	0.5972286900958882	0.7188996399581661	0.7772225977159796	0.8033147167900322	0.8079758535333545	0.793384544430295	0.8102483598315451	0.8141314928523551	0.7727969351138146	0.7014988893233252	0.6624233724832325	0.574648171671502	0.5591024969275258	0.5842292942660124	0.545807498863126	0.6077448112994884	0.7184288523354304	0.8641745250390852	0.8733639799057938	1.0069115780634363
82	0.6309282668321222	0.6933961872887519	0.686911864759572	0.6453952697785199	0.5427747547872085	0.6185515137657964	0.6376524593554385	0.667368667564	0.677869141229815	0.6688348694831486	0.6690074804876687	0.6909783370904986	0.6875263803570835	0.662582933095525	0.6368882631112165	0.6312089729828719	0.5885853374299139	0.6523729260488847	0.6311955641487305	0.6449123597989775	0.7294824142628143	0.8547064484203379	0.8746054223480034	0.9689650186167356
83	0.7720839510473186	0.7668112342366843	0.734854067961752	0.6783963680021236	0.6999276673410251	0.8043899756874417	0.8257456974127939	0.8079691936652122	0.7730617366058549	0.7449135150889743	0.7609952398661765	0.7915397961232824	0.7755161748384827	0.734910305765222	0.6969869269651174	0.6153940563585091	0.5853258786848479	0.6366424573946468	0.605944555816476	0.6534385143055884	0.5968641249995313	0.5941136547786336	0.6002630520113575	0.7041898470112415
84	0.7178695913634944	0.7696851236875104	0.7524493190951373	0.692146516061846	0.7252761513006234	0.8170796568337155	0.843678748724802	0.8391962856980868	0.8040764422523982	0.7430575005075171	0.7565681912559754	0.795726287773101	0.778375205835536	0.7256641037492991	0.6988171248249729	0.6332146569346048	0.6087909648916487	0.5761468149188957	0.5880196100244098	0.6473249096918074	0.6241949587233532	0.6089414916119502	0.6417241720181364	0.6463396655979988
85	0.6733891071466755	0.7796997796182124	0.791677582358726	0.7521541303221161	0.677372074025593	0.8028984762317608	0.8283042434439232	0.8230911081391096	0.7954950731399043	0.7531181996769881	0.8193581189899634	0.8363098689795482	0.8120767701866741	0.7695254448063459	0.7442523124153902	0.7070769325345936	0.646163218402783	0.6163073647797637	0.6558459437518772	0.631238456412354	0.6243267102278728	0.6423566499574805	0.6939482093382103	0.7751422552599123
86	0.6026467703538458	0.7550473389506299	0.775014480198062	0.7489494396867601	0.6162725931681592	0.8024018871786474	0.8385252547182287	0.8378162000201391	0.8111394598043838	0.7599050713542672	0.7842397606966666	0.7994437191566881	0.7874623782971932	0.7352186352417612	0.7085261054883735	0.6584035063769782	0.6500561377995182	0.6582478668051166	0.6772641134883951	0.6243293518780488	0.5895005828822013	0.6494663775413027	0.6117018810821051	0.6912081545004571
87	0.7932893863348236	0.810405470927354	0.7800407521551732	0.7488780248472159	0.5548359412713106	0.7234313722356512	0.7751799384430722	0.7593593457723873	0.7239169469966514	0.5827754606902904	0.5083304488737115	0.5041095381881296	0.5208734191521287	0.5574899499722106	0.5569767999706062	0.48315822802330666	0.5025969256440227	0.6099247494169241	0.6587793071320617	0.6545287633008557	0.6043426006415534	0.5714042227702569	0.5704525167020671	0.6474682604444505
88	0.7175892789934033	0.7985851201423012	0.7835237302263123	0.7084206807349943	0.6146331918990058	0.7854784026314086	0.8186713859710129	0.8447421801571607	0.8478127599516507	0.7313542175678975	0.5867985202141462	0.5341976394105811	0.4837387278811776	0.500997297739852	0.5752444402149532	0.48260956885853895	0.5303969894748084	0.6462345414951697	0.6331212522656738	0.5955183666917	0.5915140719656271	0.6156226188531249	0.5921159038435129	0.6040956369479664
89	0.5944420105147522	0.5374869765343316	0.5433649015924786	0.5491895198103955	0.7806279406210338	0.8920121001126944	0.9168140318447818	0.9218535168354978	0.9008247073481527	0.8020033786277921	0.7315075239179807	0.6808028270041174	0.6348027243518852	0.6113083366452761	0.5957195378266971	0.6062038267591423	0.5970364211134882	0.6468275942599683	0.6859901936587535	0.7314385007498816	0.870342642236106	1.0769006563148746	1.127422014288725	1.2608900481345207
90	0.5975134621904403	0.6208639001309981	0.6647695311408017	0.6198639186897316	0.6794271092270285	0.7084650993018363	0.8043513178998534	0.8627140886501404	0.8600753405850213	0.7494761391472319	0.7718837869986521	0.7676900043478219	0.7541806572060391	0.6918504237657558	0.6564309507962547	0.6301182864551114	0.6088346654466317	0.5821635435177527	0.5384384377658772	0.5617346700680379	0.6637794040887134	0.7115578604860834	0.7689809627233973	0.8742651261742138
91	0.5823225497695003	0.6332123364855612	0.6218687785190228	0.6117166571903514	0.6798656150741988	0.7013147286783187	0.7136652617386378	0.715447371726159	0.6893485232544452	0.6252244764227045	0.6122409241153868	0.6372320480301262	0.6600349819859226	0.6576179840768546	0.626021443020936	0.6050362689770948	0.5780416914697626	0.6049749077593579	0.6070448566505406	0.6266998890199958	0.6615047945611094	0.7521140067030244	0.8173013695118194	0.9117589155480043
92	0.59385324361065	0.6315685098314181	0.671598878804229	0.6822344471665986	0.6701170774589533	0.6388978586504303	0.652960398196332	0.6706905137870556	0.6549777814279103	0.571032673892169	0.5793782135052279	0.5985430358840809	0.6071771213648477	0.5944850444029856	0.5199743212545053	0.5455205706122811	0.5577175996595195	0.5275583199510141	0.597358270475802	0.5953689474707612	0.5757070195980121	0.6431209303828916	0.6468053342143989	0.7068690281196531
93	0.6178960913617217	0.6667900978229699	0.6479443137870567	0.6544171311919665	0.6356411441761339	0.6847256060064622	0.7419705861421292	0.7708083954770224	0.7469821757336159	0.6633905670114085	0.6229327142527825	0.61089990352559	0.6394454588397942	0.6027669803272314	0.5708414424372312	0.5620815726645153	0.5380313322001808	0.5697334064880181	0.6206179576597389	0.6351600574219025	0.6441467245875976	0.7165270792316214	0.7089240530810542	0.7553415579923108
94	0.732883925718484	0.751737620815469	0.6918342449470147	0.6366252021062406	0.5200028746322263	0.6925584728683167	0.7299051491302949	0.7585780339502625	0.7643354643537054	0.6522044428428779	0.5888589365126059	0.5645531455390648	0.5542999970395952	0.49689696165982294	0.5422037445252857	0.5843398546344538	0.5787915359211371	0.6225389592939671	0.6379399852309368	0.6074920178247606	0.6250480760471494	0.6554074790459532	0.6517975282028331	0.6761020987298562
95	0.6173072515417795	0.698280066816868	0.770140829541003	0.7537813256606201	0.5333479187735829	0.6839932972433626	0.7465862535418133	0.7607902716850157	0.7458412330639086	0.7051444099633795	0.6671345320526101	0.5984633126906658	0.5618189206473022	0.5814493050490268	0.6023520626874095	0.618746644814492	0.560176253938114	0.564785550114432	0.5578602606556978	0.5854198381024235	0.6342575792636075	0.6955484955265087	0.726991841524105	0.8042401700175568
96	0.7011687860825352	0.7439001613585863	0.7973220672288929	0.7995154559257439	0.5604526060003752	0.6260403089385647	0.7169821879351757	0.7327552031099335	0.7200508012922976	0.6695587783026506	0.6359686869953157	0.5858812664115273	0.5225236307310501	0.5178911898523513	0.5437502092744848	0.5989495094731249	0.6140042529245534	0.6116819955526406	0.6191840208819495	0.6957599113785786	0.7639860159589956	0.9130785921021881	0.9631520207074104	1.0634296156936816
97	0.6658042942183892	0.7495203439912411	0.7793965824264734	0.8005628303763423	0.5676845655384669	0.6595208141795912	0.6938622350949745	0.703220553847434	0.6996230441982042	0.5965827358200965	0.5531129045114215	0.5623705597746511	0.5514516858071478	0.5931082476378979	0.5720024488366395	0.5607756040701151	0.5447232459330872	0.599049327177924	0.5992576289916342	0.5815518065231768	0.5682063815012085	0.6065039119401852	0.6352482065064052	0.6574260099237377
98	0.5803597861440789	0.6625964870460608	0.6354272125525807	0.6294365217020541	0.8034699052374478	0.9064148246667787	0.9264657967158992	0.9091708366475217	0.8581371967003458	0.769986565072248	0.7683906983948162	0.7341508272220157	0.7019407904075063	0.6310339349494398	0.5917515180097491	0.5997585329231748	0.5876850276912376	0.5756546999625709	0.5603516218046977	0.6175531833589932	0.6662076638768156	0.7192342743819109	0.7979844711363235	0.9249856282822835
99	0.5240516396898283	0.5773338277330528	0.5878023966709787	0.6253465244139682	0.7471664269674976	0.8757712759873902	0.9128801346271278	0.8822010456583584	0.8495959551072672	0.798709338105059	0.8251759540115828	0.764077747198514	0.7059549688044203	0.6203916672062906	0.5705604514260261	0.5923064965128261	0.5772973423734091	0.5657190631762228	0.570838053477862	0.603927511648152	0.5593923209923982	0.5888960742684161	0.5974767961337007	0.6171488148105839
100	0.6270863505681953	0.671389775907076	0.7020050889410264	0.6178820338233666	0.6421877348011893	0.8413036812427431	0.8706542918205523	0.864354203650554	0.8372200260670789	0.7783443997109031	0.8201621492571239	0.7696644433158133	0.7057056666203368	0.6445862910260889	0.6153969250136443	0.6141586866620463	0.5927398413068117	0.5719941498917813	0.5958061562098507	0.5836471433914067	0.5578006426570559	0.623342294175092	0.6265424933759092	0.6759517301666533
101	0.6297545525240636	0.6600203800098501	0.6383467907856428	0.6309456933646287	0.6408836733812711	0.843165584181902	0.8795505789734793	0.8815941632711818	0.8638950779060545	0.7968132324666779	0.8338497893668506	0.7873240364328621	0.7187873843720811	0.6430636046602365	0.5800783296530165	0.5790905720772147	0.5728506017669136	0.532020797399954	0.5762606004289752	0.5843730316755477	0.5955154564830658	0.622066940456696	0.6726257716895921	0.6871510217571719
102	0.7276292042705025	0.7520312935284921	0.7307620423139548	0.6096223917766056	0.7710024507465298	0.9012790329229117	0.9334025699826779	0.956600061987206	0.9549692769244258	0.8027382248200936	0.6962190292312237	0.6242305186502821	0.5660663774901593	0.5492890379428681	0.6324201023373447	0.6891700011457369	0.684185906619147	0.8812058513627857	0.9340028184906154	1.1134330508367287	1.2688646763557243	1.4267894470194225	1.468229041425421	1.571476048381822
103	0.6419842093423042	0.5600511308602534	0.5398095110805992	0.5504104804740042	0.6733578553094883	0.7832130556082946	0.8035481007328756	0.8090076471237014	0.776499933765865	0.6444800850215477	0.6272733903042372	0.6284719364721442	0.554231965257051	0.5485681529204836	0.6122918502292183	0.6987543223624759	0.6863382843218082	0.6754000577011819	0.735825824285407	0.9025848252338312	1.0381481583663499	1.2497452574099213	1.364779838798007	1.4886864776636248
104	0.5508914727377056	0.6417286933075819	0.6794290734378955	0.6722336755239892	0.7131849264240127	0.860874010478421	0.8853981491207092	0.9052181660869988	0.9131251721652408	0.7621683793002784	0.6940065977095031	0.6538051818884051	0.634181173162011	0.5988320914566956	0.6023142788977528	0.5924289449089206	0.5508987509870926	0.5846275640777483	0.5881638997118107	0.599181398921916	0.6752614640764748	0.8128815520128968	0.8678457184845889	0.997898726434481
105	0.6104086495337399	0.6707870155074587	0.7064487195091337	0.6595670500409375	0.6149255254030043	0.7903614274610682	0.8800403817851916	0.9106938120298218	0.865833176810895	0.6767268240753547	0.6951264928072753	0.6765327840806539	0.6871626101461696	0.6464139916186307	0.5979343462284072	0.599644274768565	0.588518395330108	0.6004376020283334	0.568333531213909	0.589909982380635	0.6162452104035706	0.6431432598488142	0.6483410361094541	0.6884063729361234
106	0.7266168095322809	0.7244599788850848	0.7451294196879926	0.707073745832537	0.613636947359925	0.6541473635795466	0.6801188926258851	0.6752100118502561	0.6619754987460761	0.6375445179924328	0.6353363858645265	0.6517263325560689	0.6595968345951941	0.6471745010761419	0.6630292726288546	0.6839357323785481	0.6692898928252742	0.6568468824952599	0.6678672586398585	0.6834268523398452	0.6869384593481517	0.692274081004393	0.6816408244582377	0.6900053056955923
