parcel_code	parcel_name
0	Unknown
1	Left-Cerebral-Exterior
2	Left-Cerebral-White-Matter
3	Left-Cerebral-Cortex
4	Left-Lateral-Ventricle
5	Left-Inf-Lat-Vent
6	Left-Cerebellum-Exterior
7	Left-Cerebellum-White-Matter
8	Left-Cerebellum-Cortex
9	Left-Thalamus
10	Left-Thalamus-Proper
11	Left-Caudate
12	Left-Putamen
13	Left-Pallidum
14	3rd-Ventricle
15	4th-Ventricle
16	Brain-Stem
17	Left-Hippocampus
18	Left-Amygdala
19	Left-Insula
20	Left-Operculum
21	Line-1
22	Line-2
23	Line-3
24	CSF
25	Left-Lesion
26	Left-Accumbens-area
27	Left-Substancia-Nigra
28	Left-VentralDC
29	Left-undetermined
30	Left-vessel
31	Left-choroid-plexus
32	Left-F3orb
33	Left-lOg
34	Left-aOg
35	Left-mOg
36	Left-pOg
37	Left-Stellate
38	Left-Porg
39	Left-Aorg
40	Right-Cerebral-Exterior
41	Right-Cerebral-White-Matter
42	Right-Cerebral-Cortex
43	Right-Lateral-Ventricle
44	Right-Inf-Lat-Vent
45	Right-Cerebellum-Exterior
46	Right-Cerebellum-White-Matter
47	Right-Cerebellum-Cortex
48	Right-Thalamus
49	Right-Thalamus-Proper
50	Right-Caudate
51	Right-Putamen
52	Right-Pallidum
53	Right-Hippocampus
54	Right-Amygdala
55	Right-Insula
56	Right-Operculum
57	Right-Lesion
58	Right-Accumbens-area
59	Right-Substancia-Nigra
60	Right-VentralDC
61	Right-undetermined
62	Right-vessel
63	Right-choroid-plexus
64	Right-F3orb
65	Right-lOg
66	Right-aOg
67	Right-mOg
68	Right-pOg
69	Right-Stellate
70	Right-Porg
71	Right-Aorg
72	5th-Ventricle
73	Left-Interior
74	Right-Interior
75	WM-hypointensities
76	Left-WM-hypointensities
77	Right-WM-hypointensities
78	non-WM-hypointensities
79	Left-non-WM-hypointensities
80	Right-non-WM-hypointensities
81	Left-F1
82	Right-F1
83	Optic-Chiasm
84	Corpus_Callosum
85	Fornix
86	CC_Posterior
87	CC_Mid_Posterior
88	CC_Central
89	CC_Mid_Anterior
90	CC_Anterior
91	LH_Background+FreeSurfer_Defined_Medial_Wall
92	17Networks_LH_VisCent_ExStr_1
93	17Networks_LH_VisCent_ExStr_2
94	17Networks_LH_VisCent_Striate_1
95	17Networks_LH_VisCent_ExStr_3
96	17Networks_LH_VisPeri_ExStrInf_1
97	17Networks_LH_VisPeri_StriCal_1
98	17Networks_LH_VisPeri_ExStrSup_1
99	17Networks_LH_SomMotA_1
100	17Networks_LH_SomMotA_2
101	17Networks_LH_SomMotB_Aud_1
102	17Networks_LH_SomMotB_S2_1
103	17Networks_LH_SomMotB_S2_2
104	17Networks_LH_SomMotB_Cent_1
105	17Networks_LH_DorsAttnA_TempOcc_1
106	17Networks_LH_DorsAttnA_ParOcc_1
107	17Networks_LH_DorsAttnA_SPL_1
108	17Networks_LH_DorsAttnB_PostC_1
109	17Networks_LH_DorsAttnB_PostC_2
110	17Networks_LH_DorsAttnB_PostC_3
111	17Networks_LH_DorsAttnB_FEF_1
112	17Networks_LH_SalVentAttnA_ParOper_1
113	17Networks_LH_SalVentAttnA_Ins_1
114	17Networks_LH_SalVentAttnA_Ins_2
115	17Networks_LH_SalVentAttnA_ParMed_1
116	17Networks_LH_SalVentAttnA_FrMed_1
117	17Networks_LH_SalVentAttnB_PFCl_1
118	17Networks_LH_SalVentAttnB_PFCmp_1
119	17Networks_LH_LimbicB_OFC_1
120	17Networks_LH_LimbicA_TempPole_1
121	17Networks_LH_LimbicA_TempPole_2
122	17Networks_LH_ContA_IPS_1
123	17Networks_LH_ContA_PFCl_1
124	17Networks_LH_ContA_PFCl_2
125	17Networks_LH_ContB_PFClv_1
126	17Networks_LH_ContC_pCun_1
127	17Networks_LH_ContC_pCun_2
128	17Networks_LH_ContC_Cingp_1
129	17Networks_LH_DefaultA_PFCd_1
130	17Networks_LH_DefaultA_pCunPCC_1
131	17Networks_LH_DefaultA_PFCm_1
132	17Networks_LH_DefaultB_Temp_1
133	17Networks_LH_DefaultB_Temp_2
134	17Networks_LH_DefaultB_IPL_1
135	17Networks_LH_DefaultB_PFCd_1
136	17Networks_LH_DefaultB_PFCl_1
137	17Networks_LH_DefaultB_PFCv_1
138	17Networks_LH_DefaultB_PFCv_2
139	17Networks_LH_DefaultC_Rsp_1
140	17Networks_LH_DefaultC_PHC_1
141	17Networks_LH_TempPar_1
142	RH_Background+FreeSurfer_Defined_Medial_Wall
143	17Networks_RH_VisCent_ExStr_1
144	17Networks_RH_VisCent_ExStr_2
145	17Networks_RH_VisCent_ExStr_3
146	17Networks_RH_VisPeri_StriCal_1
147	17Networks_RH_VisPeri_ExStrInf_1
148	17Networks_RH_VisPeri_ExStrSup_1
149	17Networks_RH_SomMotA_1
150	17Networks_RH_SomMotA_2
151	17Networks_RH_SomMotA_3
152	17Networks_RH_SomMotA_4
153	17Networks_RH_SomMotB_Aud_1
154	17Networks_RH_SomMotB_S2_1
155	17Networks_RH_SomMotB_S2_2
156	17Networks_RH_SomMotB_Cent_1
157	17Networks_RH_DorsAttnA_TempOcc_1
158	17Networks_RH_DorsAttnA_ParOcc_1
159	17Networks_RH_DorsAttnA_SPL_1
160	17Networks_RH_DorsAttnB_PostC_1
161	17Networks_RH_DorsAttnB_PostC_2
162	17Networks_RH_DorsAttnB_FEF_1
163	17Networks_RH_SalVentAttnA_ParOper_1
164	17Networks_RH_SalVentAttnA_Ins_1
165	17Networks_RH_SalVentAttnA_ParMed_1
166	17Networks_RH_SalVentAttnA_FrMed_1
167	17Networks_RH_SalVentAttnB_IPL_1
168	17Networks_RH_SalVentAttnB_PFCl_1
169	17Networks_RH_SalVentAttnB_PFCmp_1
170	17Networks_RH_LimbicB_OFC_1
171	17Networks_RH_LimbicA_TempPole_1
172	17Networks_RH_ContA_IPS_1
173	17Networks_RH_ContA_PFCl_1
174	17Networks_RH_ContA_PFCl_2
175	17Networks_RH_ContB_Temp_1
176	17Networks_RH_ContB_IPL_1
177	17Networks_RH_ContB_PFCld_1
178	17Networks_RH_ContB_PFClv_1
179	17Networks_RH_ContC_Cingp_1
180	17Networks_RH_ContC_pCun_1
181	17Networks_RH_DefaultA_IPL_1
182	17Networks_RH_DefaultA_PFCd_1
183	17Networks_RH_DefaultA_pCunPCC_1
184	17Networks_RH_DefaultA_PFCm_1
185	17Networks_RH_DefaultB_PFCd_1
186	17Networks_RH_DefaultB_PFCv_1
187	17Networks_RH_DefaultB_PFCv_2
188	17Networks_RH_DefaultC_Rsp_1
189	17Networks_RH_DefaultC_PHC_1
190	17Networks_RH_TempPar_1
191	17Networks_RH_TempPar_2
192	17Networks_RH_TempPar_3
